rank,wallet,composite_score,style,realized_pnl_usd,win_rate,positions
1,0x3ee616899d493b8a68fdd5d4f420dfe76bc6bfce,73.28,dip_buyer_top_seller,1205.3,1.0,5
2,0x1bcccd91840bd81ab6716eb88eb25d0846571893,70.28,dip_buyer,1477.75,1.0,9
3,0x99a8e6d0a9b27ae51503ec8aec3d42efe9976659,64.37,dip_buyer_scalper,13.21,1.0,3
4,0xb531b9f62111a6f63f84c59736ab7c9bb4cba8e5,54.53,generalist,32.59,1.0,3
5,0x9f4ab21d0a2ae7e5714a5fac85049143f5fe8ba4,54.12,scalper,25.21,1.0,3
6,0x0043265bbff2bb9a69670e38a2eaf54c553224c9,53.75,top_seller_scalper,851.07,1.0,14
7,0x86414f2ddf52c6099489cd41459ea9cdb93bfeb8,52.01,top_seller_scalper,7.14,1.0,3
8,0xb2cc40d27a52c81dff03db2726e1382532de514d,51.69,top_seller_scalper,5.07,1.0,3
9,0x25d74a9da51396d4d3530642e74928d678a2a5bb,51.01,top_seller_scalper,8.78,1.0,3
10,0x1a6a23abcba928993328a30bb1c4aa211fe27f17,50.31,top_seller_scalper,153.65,1.0,6
11,0x63ebcfdab9a598a7d1de40eb34ec1f2ab2012d32,50.15,top_seller_scalper,2.64,1.0,4
12,0xa1b017c4950cf159b0c4ed2ec0b1780164d7b370,50.01,top_seller_scalper,4.21,1.0,3
13,0x21e151a46e35ec96f63ec62ac3267c4c6686e7d9,50.0,top_seller_scalper,221.6,1.0,9
14,0x8b7bb1f50f999a2e14d9f1b79b6b1221dc6314fd,49.93,top_seller_scalper,11.62,1.0,4
15,0xf15fc62931408cca1c0e84979d2a91d3af8e86b1,49.66,top_seller_scalper,2.92,1.0,3
16,0x96c0ceab2218c31d607baf6d5c56fb4a0f31f8de,45.77,generalist,54.26,1.0,3
17,0x93cd81e7d61e38144f92266b9dafe2923c475707,45.77,generalist,54.15,1.0,3
18,0x2bd06391ca20560f2e8ad364375a87fb448d0b7a,45.21,dip_buyer_scalper,174.1,0.75,4
19,0x2d1b113a8c6e16608a61f8556614cf3e09b911b4,44.14,scalper,396.39,0.75,6
20,0x564ae6b2c13bf6c8314168e9a6c9634672c03208,36.25,dip_buyer_scalper,35.63,0.6667,3
21,0x148f986b670becd8535e8f7005ddd94907f89134,34.66,scalper,265.65,0.6143,70
22,0x6a2953b9d68ed5921aa5873a97c9367bec3b16d6,32.55,scalper,36.48,0.6667,3
23,0x66eb8af30805718fef8190bac5c5c66b6505c69a,29.06,scalper,48.63,0.5,10
24,0x86827887e8ad27c83ff12c873003f2c4b0909dae,28.85,generalist,904.91,0.5515,136
25,0xf30759605023be67a457744b9c0286d818172ce1,28.65,dip_buyer_scalper,240.42,0.3333,3
26,0x1410a5ca07a05edf10dd7b2ed386b508f290318b,28.08,scalper,1154.83,0.5,3
27,0x8c71be13783cfee9f44a3b4cfe49b8035c24bb48,26.6,scalper,59.59,0.6667,3
28,0x80b89b85a00be692219b0e12d5be7ad269c183dc,26.5,scalper,112.14,0.6667,3
29,0x90f7e615d9a8b944fe8a972c928417af0a1f25fb,25.3,dip_buyer_scalper,53.9,0.4,5
30,0xb1d83118dfb55f27d75020c9b6e3b0c01835fe44,25.2,generalist,12.49,0.5,5
31,0x5f65c9e8eb98e9c75676bc6e049609504446215d,24.82,top_seller_scalper,3.28,0.3333,3
32,0x5f73bc01786d22e9653423bd912662b7f524204c,22.85,scalper,1061.83,0.4351,154
33,0xcc00d47039dc20754eaeb3a21f7891226d52534c,21.8,scalper,14.11,0.5,6
34,0x768263481c4703c22144558112d931b683492b52,21.75,scalper,1.79,0.3333,11
35,0xbb75f6e4bde3dfa3716239e02274175f37892cc7,20.77,scalper,11826.05,0.3094,2645
36,0xe49f45ce6ce0cea7c59d303b8f45f39d2e137465,18.67,scalper,50.94,0.2857,7
37,0xa461cf57a1519ad2e0527e3c968080be5bcaaf46,18.18,scalper,14.22,0.2,5
38,0x57344c3380728f33872e5a9a8e4b9aababef3e1c,16.86,scalper,59.51,0.3333,3
39,0x2cb2a174e10c2e14b797f4d276053ac0693ca1b1,16.08,scalper,132.16,0.2581,93
40,0x651e8dbacea4b3f0d3c26c9668e279b868a63c1e,14.87,top_seller,17.74,0.1667,6
41,0xee169b5fd2734184f2613266070ce74b7b128444,13.65,generalist,15.49,0.3333,3
42,0xc1b0ec5408aaf5ab79239bb3419bfae8297758c5,13.41,top_seller_scalper,6.66,0.125,8
43,0x6f5bfcb3cc4fa2251e72a3928707e874d0bd3de4,12.98,generalist,12.25,0.3333,7
44,0x796fb184b63d31230ccaa169fdfb03cce7bd2c64,12.85,scalper,28.55,0.2037,162
45,0x0a47ebfdb31875133444a369f9021bf7f5f85269,12.36,generalist,447.15,0.1429,3031
46,0x5c1950504edff2e960c5f2104fdd17390ee278e7,12.35,generalist,446.41,0.1847,2610
47,0xed7ec83185b3cdac50685999a35ab26d30c20583,10.6,generalist,114.11,0.1721,2226
48,0xafadd882d7a1e70006ce903d660832c1cc841795,10.02,top_seller_scalper,14.23,0.0,5
49,0xcfbb348313b42890b5f8de6a926526c63433d826,9.16,scalper,25.35,0.1765,17
50,0xc3732ad37bdd30d30e112f2f80a27189b631433e,3.32,scalper,2.62,0.0833,12
